<?xml version="1.0" encoding="UTF-8"?>
<project-private xmlns="http://www.netbeans.org/ns/project-private/1">
    <editor-bookmarks xmlns="http://www.netbeans.org/ns/editor-bookmarks/2" lastBookmarkId="0"/>
    <open-files xmlns="http://www.netbeans.org/ns/projectui-open-files/2">
        <group>
            <file>file:/C:/Users/Edwin_(Kise%20Ryouta)/Desktop/hilos_ejemplo/src/hilos_ejemplo/Hilos_ejemplo.java</file>
            <file>file:/C:/Users/Edwin_(Kise%20Ryouta)/Desktop/hilos_ejemplo/src/hilos_ejemplo/Hilo1.java</file>
            <file>file:/C:/Users/Edwin_(Kise%20Ryouta)/Desktop/hilos_ejemplo/src/hilos_ejemplo/Cronometro.java</file>
        </group>
    </open-files>
</project-private>
